{"cameraMode":{"drawMode":0,"name":"Shaded","section":"Shading Mode"},"sceneLighting":true,"audioPlay":false,"sceneViewState":{"showFog":false,"showMaterialUpdate":false,"showSkybox":false,"showFlares":false,"showImageEffects":false,"showParticleSystems":false},"in2DMode":false,"pivot":{"x":-1.7089157104492188,"y":0.2583465576171875,"z":-0.14027202129364015},"rotation":{"x":0.32135218381881716,"y":0.48116371035575869,"z":-0.19525842368602754,"w":0.7918893694877625},"size":2.2119288444519045,"orthographic":false}