{"cameraMode":{"drawMode":0,"name":"Shaded","section":"Shading Mode"},"sceneLighting":true,"audioPlay":false,"sceneViewState":{"showFog":false,"showMaterialUpdate":false,"showSkybox":false,"showFlares":false,"showImageEffects":false,"showParticleSystems":false},"in2DMode":false,"pivot":{"x":-0.818170428276062,"y":0.9716114401817322,"z":0.16537189483642579},"rotation":{"x":0.005639377050101757,"y":-0.983350932598114,"z":-0.030986282974481584,"w":-0.17897704243659974},"size":0.5660253763198853,"orthographic":false}