{"cameraMode":{"drawMode":0,"name":"Shaded","section":"Shading Mode"},"sceneLighting":true,"audioPlay":false,"sceneViewState":{"showFog":false,"showMaterialUpdate":false,"showSkybox":false,"showFlares":false,"showImageEffects":false,"showParticleSystems":false},"in2DMode":false,"pivot":{"x":-0.10775041580200196,"y":-0.09727537631988526,"z":1.0914068222045899},"rotation":{"x":0.1819993555545807,"y":0.4660346210002899,"z":-0.09860118478536606,"w":0.8602131605148315},"size":2.0174248218536379,"orthographic":false}