{"cameraMode":{"drawMode":0,"name":"Shaded","section":"Shading Mode"},"sceneLighting":true,"audioPlay":false,"sceneViewState":{"showFog":false,"showMaterialUpdate":false,"showSkybox":false,"showFlares":false,"showImageEffects":false,"showParticleSystems":false},"in2DMode":false,"pivot":{"x":-0.7964677810668945,"y":-0.7482966184616089,"z":0.943920373916626},"rotation":{"x":0.15585319697856904,"y":0.4841518998146057,"z":-0.08810050040483475,"w":0.8564761877059937},"size":3.453874111175537,"orthographic":false}