{"cameraMode":{"drawMode":0,"name":"Shaded","section":"Shading Mode"},"sceneLighting":true,"audioPlay":false,"sceneViewState":{"showFog":false,"showMaterialUpdate":false,"showSkybox":false,"showFlares":false,"showImageEffects":false,"showParticleSystems":false},"in2DMode":false,"pivot":{"x":0.3844796419143677,"y":0.11528348922729492,"z":0.5051957368850708},"rotation":{"x":0.29338181018829348,"y":0.471529483795166,"z":-0.1699325144290924,"w":0.8140749931335449},"size":1.6106305122375489,"orthographic":false}