{"cameraMode":{"drawMode":0,"name":"Shaded","section":"Shading Mode"},"sceneLighting":true,"audioPlay":false,"sceneViewState":{"showFog":false,"showMaterialUpdate":false,"showSkybox":false,"showFlares":false,"showImageEffects":false,"showParticleSystems":false},"in2DMode":false,"pivot":{"x":-1.8908774852752686,"y":0.6870989203453064,"z":-0.12229704856872559},"rotation":{"x":-0.10377483069896698,"y":-0.5449404120445252,"z":0.06820202618837357,"w":-0.8292406797409058},"size":1.8758397102355958,"orthographic":false}