{"cameraMode":{"drawMode":0,"name":"Shaded","section":"Shading Mode"},"sceneLighting":true,"audioPlay":false,"sceneViewState":{"showFog":false,"showMaterialUpdate":false,"showSkybox":false,"showFlares":false,"showImageEffects":false,"showParticleSystems":false},"in2DMode":false,"pivot":{"x":-1.0388884544372559,"y":1.0006047487258912,"z":0.4795694649219513},"rotation":{"x":0.25850629806518557,"y":0.644793689250946,"z":-0.246684268116951,"w":0.6756959557533264},"size":1.2356855869293213,"orthographic":false}