{"cameraMode":{"drawMode":0,"name":"Shaded","section":"Shading Mode"},"sceneLighting":true,"audioPlay":false,"sceneViewState":{"showFog":false,"showMaterialUpdate":false,"showSkybox":false,"showFlares":false,"showImageEffects":false,"showParticleSystems":false},"in2DMode":false,"pivot":{"x":-2.0189623832702638,"y":-0.2448716163635254,"z":-0.1658647358417511},"rotation":{"x":0.32107675075531008,"y":0.5573253035545349,"z":-0.2468879669904709,"w":0.7248194813728333},"size":1.0305962562561036,"orthographic":false}