{"cameraMode":{"drawMode":0,"name":"Shaded","section":"Shading Mode"},"sceneLighting":true,"audioPlay":false,"sceneViewState":{"showFog":false,"showMaterialUpdate":false,"showSkybox":false,"showFlares":false,"showImageEffects":false,"showParticleSystems":false},"in2DMode":false,"pivot":{"x":-1.828547716140747,"y":0.886438250541687,"z":-0.0010159015655517579},"rotation":{"x":0.1912769228219986,"y":0.5190063118934631,"z":-0.12042663246393204,"w":0.8243464231491089},"size":0.6620401740074158,"orthographic":false}