{"cameraMode":{"drawMode":0,"name":"Shaded","section":"Shading Mode"},"sceneLighting":true,"audioPlay":false,"sceneViewState":{"showFog":false,"showMaterialUpdate":false,"showSkybox":false,"showFlares":false,"showImageEffects":false,"showParticleSystems":false},"in2DMode":false,"pivot":{"x":-2.58552885055542,"y":0.5215184092521668,"z":-0.2554931640625},"rotation":{"x":0.06592672318220139,"y":0.7799981236457825,"z":-0.08338531851768494,"w":0.6166882514953613},"size":0.6113239526748657,"orthographic":true}