{"cameraMode":{"drawMode":0,"name":"Shaded","section":"Shading Mode"},"sceneLighting":false,"audioPlay":false,"sceneViewState":{"showFog":false,"showMaterialUpdate":false,"showSkybox":false,"showFlares":false,"showImageEffects":false,"showParticleSystems":false},"in2DMode":false,"pivot":{"x":1.0310308933258057,"y":0.8501890301704407,"z":0.25678229331970217},"rotation":{"x":0.03806580975651741,"y":-0.839326024055481,"z":0.05927077308297157,"w":0.5390461683273315},"size":0.15996946394443513,"orthographic":false}