{"cameraMode":{"drawMode":0,"name":"Shaded","section":"Shading Mode"},"sceneLighting":true,"audioPlay":false,"sceneViewState":{"showFog":false,"showMaterialUpdate":false,"showSkybox":false,"showFlares":false,"showImageEffects":false,"showParticleSystems":false},"in2DMode":false,"pivot":{"x":3.261821985244751,"y":-11.436490058898926,"z":6.0058488845825199},"rotation":{"x":0.43837428092956545,"y":0.30526819825172427,"z":-0.161264106631279,"w":0.8298438787460327},"size":7.487858295440674,"orthographic":false}