{"cameraMode":{"drawMode":0,"name":"Shaded","section":"Shading Mode"},"sceneLighting":false,"audioPlay":false,"sceneViewState":{"showFog":false,"showMaterialUpdate":false,"showSkybox":false,"showFlares":false,"showImageEffects":false,"showParticleSystems":false},"in2DMode":false,"pivot":{"x":0.0,"y":0.01608661748468876,"z":-5.774199962615967e-8},"rotation":{"x":0.22808605432510377,"y":0.2049855887889862,"z":-0.0491870641708374,"w":0.9505471587181091},"size":0.10662853717803955,"orthographic":false}