{"cameraMode":{"drawMode":0,"name":"Shaded","section":"Shading Mode"},"sceneLighting":true,"audioPlay":false,"sceneViewState":{"showFog":false,"showMaterialUpdate":false,"showSkybox":false,"showFlares":false,"showImageEffects":false,"showParticleSystems":false},"in2DMode":false,"pivot":{"x":-1.3613619804382325,"y":-0.49298715591430666,"z":-0.8385014533996582},"rotation":{"x":0.09778771549463272,"y":0.8499906063079834,"z":-0.48893219232559206,"w":0.17000046372413636},"size":2.2099456787109377,"orthographic":false}