{"cameraMode":{"drawMode":0,"name":"Shaded","section":"Shading Mode"},"sceneLighting":false,"audioPlay":false,"sceneViewState":{"showFog":false,"showMaterialUpdate":false,"showSkybox":false,"showFlares":false,"showImageEffects":false,"showParticleSystems":false},"in2DMode":false,"pivot":{"x":0.15475380420684815,"y":0.44534504413604739,"z":0.5590371489524841},"rotation":{"x":-0.246994286775589,"y":-0.6694874167442322,"z":0.2531442940235138,"w":-0.6532230973243713},"size":2.10648512840271,"orthographic":false}