{"cameraMode":{"drawMode":0,"name":"Shaded","section":"Shading Mode"},"sceneLighting":true,"audioPlay":false,"sceneViewState":{"showFog":false,"showMaterialUpdate":false,"showSkybox":false,"showFlares":false,"showImageEffects":false,"showParticleSystems":false},"in2DMode":false,"pivot":{"x":-1.8436715602874756,"y":0.34919798374176028,"z":-0.4549034833908081},"rotation":{"x":0.2689244747161865,"y":0.6014697551727295,"z":-0.22536566853523255,"w":0.7177232503890991},"size":0.9700939059257507,"orthographic":false}