{"cameraMode":{"drawMode":0,"name":"Shaded","section":"Shading Mode"},"sceneLighting":true,"audioPlay":false,"sceneViewState":{"showFog":false,"showMaterialUpdate":false,"showSkybox":false,"showFlares":false,"showImageEffects":false,"showParticleSystems":false},"in2DMode":false,"pivot":{"x":0.047987937927246097,"y":1.5082359313964844,"z":-0.2910855710506439},"rotation":{"x":0.1313427984714508,"y":0.8037080764770508,"z":-0.19285184144973756,"w":0.547370195388794},"size":0.6277413368225098,"orthographic":false}