{"cameraMode":{"drawMode":0,"name":"Shaded","section":"Shading Mode"},"sceneLighting":true,"audioPlay":false,"sceneViewState":{"showFog":false,"showMaterialUpdate":false,"showSkybox":false,"showFlares":false,"showImageEffects":false,"showParticleSystems":false},"in2DMode":false,"pivot":{"x":-1.654125690460205,"y":0.4077526926994324,"z":-0.3668115437030792},"rotation":{"x":0.148849219083786,"y":0.7110128402709961,"z":-0.15825000405311585,"w":0.6687759757041931},"size":0.7119290232658386,"orthographic":false}