{"cameraMode":{"drawMode":0,"name":"Shaded","section":"Shading Mode"},"sceneLighting":true,"audioPlay":false,"sceneViewState":{"showFog":false,"showMaterialUpdate":false,"showSkybox":false,"showFlares":false,"showImageEffects":false,"showParticleSystems":false},"in2DMode":false,"pivot":{"x":0.7108480930328369,"y":-1.412532091140747,"z":-0.5277774930000305},"rotation":{"x":0.21905003488063813,"y":0.7764894962310791,"z":-0.367931991815567,"w":0.4622914493083954},"size":2.5066282749176027,"orthographic":false}