{"cameraMode":{"drawMode":0,"name":"Shaded","section":"Shading Mode"},"sceneLighting":false,"audioPlay":false,"sceneViewState":{"showFog":true,"showMaterialUpdate":true,"showSkybox":true,"showFlares":true,"showImageEffects":true,"showParticleSystems":true},"in2DMode":false,"pivot":{"x":-0.6318883895874023,"y":0.3027456998825073,"z":-0.06518548727035523},"rotation":{"x":0.14906983077526093,"y":0.7509865164756775,"z":-0.18139296770095826,"w":0.6171671152114868},"size":2.1346871852874758,"orthographic":false}