{"cameraMode":{"drawMode":0,"name":"Shaded","section":"Shading Mode"},"sceneLighting":true,"audioPlay":false,"sceneViewState":{"showFog":false,"showMaterialUpdate":false,"showSkybox":false,"showFlares":false,"showImageEffects":false,"showParticleSystems":false},"in2DMode":false,"pivot":{"x":-0.3964097499847412,"y":0.04859423637390137,"z":-1.6883111000061036},"rotation":{"x":-0.05066342279314995,"y":-0.9461125731468201,"z":0.18244951963424684,"w":-0.26276886463165285},"size":2.4904918670654299,"orthographic":false}