{"cameraMode":{"drawMode":0,"name":"Shaded","section":"Shading Mode"},"sceneLighting":true,"audioPlay":false,"sceneViewState":{"showFog":false,"showMaterialUpdate":false,"showSkybox":false,"showFlares":false,"showImageEffects":false,"showParticleSystems":false},"in2DMode":false,"pivot":{"x":-1.7627489566802979,"y":-2.720794916152954,"z":-0.015247970819473267},"rotation":{"x":0.628304660320282,"y":0.2208099216222763,"z":-0.19250161945819856,"w":0.7207213044166565},"size":1.844348669052124,"orthographic":false}