{"cameraMode":{"drawMode":0,"name":"Shaded","section":"Shading Mode"},"sceneLighting":true,"audioPlay":false,"sceneViewState":{"showFog":false,"showMaterialUpdate":false,"showSkybox":false,"showFlares":false,"showImageEffects":false,"showParticleSystems":false},"in2DMode":false,"pivot":{"x":-2.300344228744507,"y":0.6685224175453186,"z":-0.22336013615131379},"rotation":{"x":0.10124713182449341,"y":0.6117803454399109,"z":-0.07936099916696549,"w":0.7805101871490479},"size":0.391170471906662,"orthographic":false}